id,created_at,favorites,retweets,retweeted,source,text
1333466453274660864,2020-11-30 17:42:31,258,22,False,b'Twitter for iPhone',b'Good discussion with @VeraJourova today. Taking the #MFF and #NextGenerationEU hostage puts Europe\xe2\x80\x99s economic recovery at risk. I support a solution that protects our shared values. #RuleOfLaw. https://t.co/g6FTw1po3r'
1331547068184334339,2020-11-25 10:35:34,1290,157,False,b'Twitter for iPhone',"b'Today I\xc2\xa0stand with women experiencing violence. I see you. I hear &amp; trust you. Please speak up and reach out for help. You are not alone. As a society, let\xe2\x80\x99s step up efforts to #orangetheworld &amp; ensure that home is a safe place for each girl &amp; woman. Stop the shadow pandemic. https://t.co/fUGBRAJh6H'"
1331222889048248323,2020-11-24 13:07:24,321,18,False,b'Twitter for iPhone',"b""Ambitious #ClimateAction is a recipe for modern, prosperous and resilient economy &amp; society. #NextGeneneration Funds a great opportunity to support digital and green transition. Slovakia's future must be greener and sustainable."""
1329348743284527106,2020-11-19 09:00:13,556,53,False,b'Twitter Web App',b'Be receptive to what is happening around you. Be alert when children are quiet. Trust their voice. I\xe2\x80\x99ve joined the drumming initiative so children\xe2\x80\x99s voices are heard. Because silence will not protect them from violence. #preventionofchildabuse https://t.co/PycvzKuQ7J'
1328685847605092353,2020-11-17 13:06:06,1184,80,False,b'Twitter for iPhone',"b'There is no #Slovakia for or against face masks, for or against strict measures. We are one nation, one country, one community. As back in November 1989, we will better cope with the challenges of today, if we are united.'"
1328448523768131585,2020-11-16 21:23:04,2191,286,False,b'Twitter for Android',b'The choices we make today will define us tomorrow. The #EU cannot defend the values we share - such as #RuleOfLaw - if we do not reach a shared understanding on what is really important. #Slovakia supports that benefits should come with responsibility. #MFF #NextGenerationEU'
1327359367075803136,2020-11-13 21:15:08,1185,97,False,b'Twitter for iPhone',"b'I strongly condemn the killing of an unarmed protester Raman Bandarenka. Peaceful transition of power, not violence, is the way forward for #Belarus.'"
1326545212085161987,2020-11-11 15:19:59,1116,75,False,b'Twitter for iPhone',"b'Remembering heroes, we pay respect to all those who sacrificed so much to protect our freedom. #lestweforget https://t.co/mBYSwTHB33'"
1325770885836500994,2020-11-09 12:03:05,1087,78,False,b'Twitter for iPhone',"b'31 years ago, a new chapter of European history began. The fall of the #BerlinWall had put away decades of divisions to give way to European unity. Today, it is up to us to carry on this task.'"
1325181186260471810,2020-11-07 20:59:50,5706,447,False,b'Twitter for iPhone',"b'Congratulations @JoeBiden.\xc2\xa0I wish you &amp; the American people strength to face challenges ahead of us.\xc2\xa0We share the same values of freedom, democracy and cooperation, which make our Transatlantic partnership unique and our unity strong.'"
1323553017531084801,2020-11-03 09:10:04,1504,108,False,b'Twitter for iPhone',"b'Deeply saddened by the shameful terrorist attack in #Vienna. My thoughts are with the families of the victims and the injured, and with the people of #Austria \xf0\x9f\x87\xa6\xf0\x9f\x87\xb9 We are united in standing up to hatred and terrorism.'"
1321835514547392518,2020-10-29 15:25:19,855,85,False,b'Twitter for iPhone',"b'Recent abhorrent terrorist attacks in #France negate all values we stand for as Europeans. In these difficult times, #Slovakia stands in solidarity with our friend, partner and ally. There must be zero tolerance for extremism in any form. @EmmanuelMacron #Nice #SamuelPaty'"
1321427063732084736,2020-10-28 12:22:17,3178,266,False,b'Twitter for iPhone',"b'102 years ago, independent #Czechoslovakia was founded on values of humanism, democracy &amp; progress. Today, Slovak\xf0\x9f\x87\xb8\xf0\x9f\x87\xb0 &amp; Czech\xf0\x9f\x87\xa8\xf0\x9f\x87\xbf Republic are as close to each other as two sovereign states can be. We draw from this legacy as democratic nations united once again in the #EU and #NATO.'"
1320040051494014976,2020-10-24 16:30:48,903,78,False,b'Twitter for iPhone',"b'Today,\xc2\xa0we unite in blue to mark #75UN. UN and responsible leadership remain the best answers to global challenges.\xc2\xa0\xc2\xa0We must safeguard principles of cooperation, solidarity &amp; collective action to counter ignorance, selfish political interests or inaction. #climatecrisis #covid19 https://t.co/6GYDLKYAmr'"
1317127157286567938,2020-10-16 15:35:59,580,30,False,b'Twitter for iPhone',b'I spoke to President of Switzerland @s_sommaruga - my official visit next week to Bern has been postponed as #Covid19 forces us to change our plans and stay responsible. We need more cooperation to cope with the pandemics. https://t.co/7xJbZF0fuU'
1315667877060579328,2020-10-12 14:57:20,1930,414,False,b'Twitter Media Studio',"b'It takes seconds to use a face mask, disinfection &amp; to remember keeping distance. Seconds of respect can mean years of life for the elderly &amp; most vulnerable. Please, behave responsibly so we can help keep the situation #COVID-19 under control. https://t.co/8eLQkBGMhj'"
1314865208955994112,2020-10-10 09:47:49,2215,287,False,b'Twitter Media Studio',b'COVID-19 is not only attacking our physical health - it also greatly increases psychological suffering.  2020 #WorldMentalHealthDay is a reminder we need to invest more into mental health services and make them accessible for all. https://t.co/49zr8Ua34O'
1314238312425689088,2020-10-08 16:16:45,225,26,False,b'Twitter for iPhone',"b'Glad to speak with @SPendarovski in Bratislava. #Slovakia supports reforms in #NorthMacedonia, especially in Rule of Law and its EU accession. Our two countries are #NATO Allies and partners. Slovakian humanitarian aid leaving tomorrow to help MK address COVID-19. https://t.co/QBMyj1uMsI'"
1314227584268468226,2020-10-08 15:34:07,1746,236,False,b'Twitter for iPhone',"b'Glad to meet Sviatlana @Tsihanouskaya. Her determination to advance democratic change in #Belarus is inspiring. For this to happen, the regime should engage in open &amp; meaningful dialogue with society. Violence and intimidation are unacceptable. https://t.co/iqGUgXyLVj'"
1313841224424587264,2020-10-07 13:58:52,364,51,False,b'Twitter for iPhone',"b'We need to entrust technologies and technical equipment of our institutions to reliable hands \xe2\x80\x93 those of our Allies and partners. It is a matter of values, principles and national security, not of economic efficiency and lucrative business. #5G.'"
1313817443685543938,2020-10-07 12:24:22,353,32,False,b'Twitter for iPhone',"b'We must stop undermining our institutions. We must replace questioning and criticism with support, defunding with improvement and withdrawing with more engagement. #Globsec2020'"
1313817330435198981,2020-10-07 12:23:55,287,48,False,b'Twitter for iPhone',"b'We must make clear that respecting the rules and enjoying the benefits, including the EU funds, come always and strictly together. And that one without the other will not be possible. #Globsec2020 #RuleOfLaw https://t.co/7nSxwhSUCu'"
1312438000064712704,2020-10-03 17:02:57,561,61,False,b'Twitter for iPhone',"b""Courage, vision and a true will of the people of Germany and their leaders 30 years ago were the stepping stones of freedom, unity and solidarity in Europe. Today, in time of growing divisions and polarisation this legacy mustn't be forgotten. #Germany #Reunification"""
1311738015698628611,2020-10-01 18:41:28,518,45,False,b'Twitter for iPhone',"b'Our elders are source of wisdom &amp; experience. It is our duty to make sure they are not left behind and that ageing comes with dignity, pleasure &amp; easy access to everything they need. #InternationalDayOfOlderPeople #UNIDOP https://t.co/gfzGfK1Rzt'"
1311331507986890754,2020-09-30 15:46:09,534,77,False,b'Twitter Media Studio',"b""Species and habitats are disappearing at an alarming rate. Conservation of our planet's #biodiversity should be a priority as our very survival is at risk. It must be a part of the solution to the climate crisis, not it's collateral damage. #UN #BiodiversitySummit @UNBiodiversity https://t.co/BbxRdDPalt"""
1310602286750670848,2020-09-28 15:28:29,555,66,False,b'Twitter for iPhone',"b'I have joined #LeadersPledge4Nature to reverse\xc2\xa0#biodiversity\xc2\xa0loss by 2030. This global challenge needs urgent action and responsibility, not ignorance.\xc2\xa0#4Nature4Us #naturebasedsolution https://t.co/0a2iGOfBeb'"
1309080073639792640,2020-09-24 10:39:45,502,55,False,b'Twitter for iPhone',"b""Glad to welcome @ZelenskyyUa in Bratislava.#Ukraine-#Slovakia relations are very good &amp; hold so much more potential. We agreed to open Uzhorod airport right on SK-UA border for international flights. Reaffirmed support for #Ukraine's reforms, its EU ambitions &amp; sovereignty. https://t.co/isY7l0v6BR"""
1308824578165288961,2020-09-23 17:44:30,138,18,False,b'Twitter Web App',b'We all know what to do to address the climate crisis and save our planet. But we need a genuine will to act together to make it a real priority.'
1308824576177180673,2020-09-23 17:44:30,146,21,False,b'Twitter Web App',"b'The spread of authoritarian disease is a threat to all of us. No crisis can be an excuse for suppressing human rights and liberties. Too often we see people intimidated, beaten or threatened on their lives. As recently in Belarus, or in the Navalnyj case.'"
1308824574801346562,2020-09-23 17:44:30,55,7,False,b'Twitter Web App',"b'The provision of COVID-19 vaccine to anyone on this planet should be a sign o humanity, not a matter of economic profit.'"
1308824573186580486,2020-09-23 17:44:29,275,41,False,b'Twitter Web App',"b'My #UNGA2020 address: To succeed as mankind, we need solidarity, compassion, responsible leadership and trust. Free and independent media, renowned experts, scientists, and active civil society to be the guardians of these princples.'"
1308820345944768514,2020-09-23 17:27:41,806,140,False,b'Twitter Media Studio',"b'Glad to be the first woman on this year\xc2\xb4s #UNGA2020 speakers list. As the 51st in total. We, the UN, can do better. https://t.co/m2JBqAtkFK'"
1308742633083338754,2020-09-23 12:18:53,1635,150,False,b'Twitter for iPhone',"b""Sign language is equal to any spoken language. It is part of our linguistic and cultural diversity- let's do more to create equal conditions for its usage. Slovak Sign Language is for Everyone! #IDSignLanguages #Globalleaderschallenge https://t.co/JMgRxNmqvA"""
1306958595154751489,2020-09-18 14:09:45,403,38,False,b'Twitter for iPhone',b'Supporting public transport &amp; #MobilityWeek by announcing stop in every bus crossing the square next to the Presidential Palace this year. Our next stop should be to #BeatClimateChange. https://t.co/VchSZ0Mkv3'
1306677854290276366,2020-09-17 19:34:12,425,26,False,b'Twitter for iPhone',b'Glad to meet again @vanderbellen and enjoyed my first meeting with President Milanovi\xc4\x87 of Croatia. Always good to have pleasant discussions with colleagues and friends. This time in Vienna on the margins of @ClimateAWS https://t.co/SaPbjM88AY'
1306550153512464384,2020-09-17 11:06:45,622,78,False,b'Twitter for iPhone',"b'Our planet is getting hotter, but our solutions are not cool at all. We can continue experimenting or act now. My office will be carbon neutral by 2030. Slovakia will do the same by 2050. We want to be part of the solution @ClimateAW #ClimateAction https://t.co/tREAjFcXF5'"
1306282146764648456,2020-09-16 17:21:47,504,53,False,b'Twitter for iPhone',"b'The future will be green, resilient and sustainable. https://t.co/CTQi9vtyzU'"
1306209151308173312,2020-09-16 12:31:44,1442,183,False,b'Twitter for iPhone',"b'Spoke w/ Svetlana Alexijevi\xc4\x8d - brave  woman, standing in defence of freedom &amp; democracy for people of #Belarus. I expressed solidarity &amp; support to all calling for free &amp; fair elections. My respect for peacefulness of protests &amp; genuine will to live life in freedom &amp; dignity. https://t.co/E5RSbMJOfv'"
1305866859686825985,2020-09-15 13:51:35,648,104,False,b'Twitter for iPhone',"b""DemocracyDay2020 let\xe2\x80\x99s remember governments\xe2\x80\x99 authority isn\xe2\x80\x99t just based on the majority. Democracy means a guarantee of rights of those in minority, the weak and the vulnerable. I'm especially thinking of people in #Belarus and everyone who suffers from authoritarian oppression."""
1305521176173785088,2020-09-14 14:57:58,705,88,False,b'Twitter for iPhone',"b'Presidential office commits to climate neutrality by 2030. Reducing own CO2 footprint through renewable energy&amp;green solutions in buildings, mobility, going zero waste, banning plastics. Digitalization, local food, planting trees&amp;more. Join in, change is possible #climate #leader https://t.co/yj71koY1gu'"
1303747013348069376,2020-09-09 17:28:05,996,119,False,b'Twitter for iPhone',"b'The gravest crimes often begin with words of hatred or discrimination. Today, #Slovakia marks the Day of victims of the Holocaust and of racial violence. It is our duty to remind ourselves that when it comes to our rights and freedoms, we are all equal. https://t.co/l36eBqEd1g'"
1302994893116182529,2020-09-07 15:39:25,578,56,False,b'Twitter for iPhone',"b'In #Slovakia only, we could avoid around 5.000 premature deaths annually. We are joining the world to mark the #UN International day for #CleanAir. In fighting air pollution, we are saving lives&amp;contribute to improved health of citizens and ecosystems #WorldCleanAirDay #BlueSkies https://t.co/dIE0zh5Lvm'"
1301838773572038656,2020-09-04 11:05:25,1980,155,False,b'Twitter for iPhone',b'First-ever own honey bottling successful. All made-in by Presidential Palace&amp;Garden. A perfect genuine gift for my colleagues presidents. #bee #biodiversity #sustainability #environment https://t.co/rxwf72YGHl'
1301531460076277761,2020-09-03 14:44:16,1622,167,False,b'Twitter for iPhone',"b'We must respect\xc2\xa0today\xe2\x80\x99s court ruling in the case of Jan #Kuciak and his fiance Martina\xc2\xa0and trust that those who ordered the killing will be identified &amp; convicted. That in the end, justice will be served. I wish all the strength to their families. https://t.co/mSFxG6cImG'"
1300841504622084097,2020-09-01 17:02:37,20459,7022,False,b'Twitter for iPhone',b'#Slovakia stands by the Czech Republic. #EU-#China relations are based on dialogue and mutual respect. Threats directed at one of the EU members and its representatives contradict the very essence of our partnership and as such are unacceptable.'
1300490263924797446,2020-08-31 17:46:55,1853,227,False,b'Twitter for iPhone',b'40 years since the founding of #Poland\xe2\x80\x99s #Solidarnosc: brave steps that led to the end of communism and the fall of the Iron Curtain.\xc2\xa0#Solidarnosc40 #Solidarity40'
1298147297679867906,2020-08-25 06:36:48,4155,609,False,b'Twitter for iPhone',b'I strongly condemn the poisoning of @navalny. Such actions must be absolutely unacceptable in any society that respects the fundamental dignity of human beings. I wish Alexey strength to feel better soon.'
1297163291798773761,2020-08-22 13:26:43,798,94,False,b'Twitter for iPhone',"b""From today we live on ecological debt. When will we change it? Let's move \xc2\xa0#EarthOvershootDay together. https://t.co/mGa7TL8xaH"""
1296833949851934720,2020-08-21 15:38:02,3593,706,False,b'Twitter for iPhone',"b'August \xe2\x80\x9868 is a dark chapter in our history. The Soviet-led invasion halted nascent democratic process. Today, it is a strong reminder that no country has the right to decide other nations\xe2\x80\x99 future. https://t.co/qUtWlgLbT3'"
1296806922935574528,2020-08-21 13:50:38,305,26,False,b'Twitter for iPhone',"b'Good discussion with @HeikoMaas on #NextGenEU, Covid-19, situation in #Belarus and relations with #Russia. It is important to exchange and share views with our strategic partner and Ally. https://t.co/9wnzvXIXo4'"
1294731162112397314,2020-08-15 20:22:18,5572,926,False,b'Twitter for iPhone',"b'Presidential palace lit in solidarity with those who are peacefully defending freedom and demanding free, fair and democratic elections in #Belarus. Violence must be replaced by meaningful dialogue, openness and reconciliation. https://t.co/azug114Wdg'"
1292783861974302720,2020-08-10 11:24:26,3010,399,False,b'Twitter for iPhone',b'I condemn the use of force and repressions against people of #Belarus freely exercising their freedom of speech and assembly. Fundamental freedoms and human rights must always be respected and protected.'
1291272282325880832,2020-08-06 07:17:57,606,76,False,b'Twitter Web App',b'#HirosimaPeaceMemorial reminds us that humankind should never again experience misuse of nuclear power. https://t.co/g0BNy9zVxW'
1290753744502759426,2020-08-04 20:57:28,1375,105,False,b'Twitter for iPhone',b'My thoughts are with the people of #Lebanon. My deepest sympathies to those who lost their loved ones in devastating explosion in #Beirut. Wishing all the injured strength and speedy recovery.'
1289822844713607168,2020-08-02 07:18:24,1377,254,False,b'Twitter Media Studio',"b'As we pay tribute to the Roma &amp; Sinti victims of the Holocaust on #RomaGenocideRemembranceDay #2August, we need to address inequalities that Romani communities still experience. We are in this together, with Romani men &amp; Romani women #NaBister https://t.co/Jg2RpzONfM'"
1288449734869487622,2020-07-29 12:22:09,394,41,False,b'Twitter for iPhone',b'Used plastic bottles into new green fibers &amp; high-quality secondary materials. 100 new green jobs created. Investing in #circulareconomy means investing into our future. I have visited innovative greentech company in #Slovakia #upcycling #sustainability #greeneconomy https://t.co/nipyMyeqb6'
1286363669295697921,2020-07-23 18:12:52,257,30,False,b'Twitter Media Studio',"b'Couple of highlights from yesterday\xe2\x80\x99s visit of @BorutPahor - from our discussions in Presidential garden, through opening of joint Slovak-Slovenian business forum, to laying wreaths by Gate of Freedom Memorial. Mr. President, thank you for the pleasant company and see you soon. https://t.co/EUgixG4XZZ'"
1285953596488470528,2020-07-22 15:03:23,187,20,False,b'Twitter for iPhone',b'Businesses are the driving force of innovation: this is why I am glad to make the idea of Slovak-Slovenian companies coming together a reality. We need our smart businesses to forge partnerships and develop joint projects to adress sustainability and digitalisation. #NextGenEU https://t.co/hH4T81Oeyi'
1285902749973061639,2020-07-22 11:41:21,386,39,False,b'Twitter for iPhone',"b'Warm welcome @BorutPahor to Bratislava. We are meeting to discuss how to contribute together to a strong, more united and green #EU and help our countries transform into innovative and sustainable economies and societies \xf0\x9f\x87\xb8\xf0\x9f\x87\xb0\xf0\x9f\x87\xb8\xf0\x9f\x87\xae\n#NextGenEU #GreenDeal https://t.co/sjjHNu64TS'"
1285608292799123457,2020-07-21 16:11:17,1158,110,False,b'Twitter for iPhone',"b'\xe2\x80\x9cTrust the truth, live the truth, defend the truth.\xe2\x80\x9d The words of Milan Rastislav \xc5\xa0tef\xc3\xa1nik, one of the founders of democratic Czechoslovakia in 1918. He was born 140 years ago. https://t.co/VReRyExQtb'"
1285533239491407873,2020-07-21 11:13:03,464,58,False,b'Twitter for iPhone',"b""Another historic moment for the #EU's unity, solidarity, stability and prosperity. Now it\xe2\x80\x99s important to make the best use of it, making the EU stronger \xe2\x80\x94 while preserving our democratic values and #RuleOfLaw and making our economies greener and more efficient.\n#NGEU #MFF"""
1283421483705020417,2020-07-15 15:21:41,523,41,False,b'Twitter for Android',b'Today welcoming my good neighbour and friend President @vanderbellen in \xf0\x9f\x87\xb8\xf0\x9f\x87\xb0. Very inspiring discussion. Agreed we have to do our best to turn post-pandemic EU recovery into an opportunity for greener and more sustainable future of our countries. #NextGenerationEU #StrongerTogether https://t.co/tsi95ue4wC'
1282705029942501378,2020-07-13 15:54:45,1243,120,False,b'Twitter for iPhone',"b'I\xc2\xa0wish President @AndrzejDuda all the best for his second term &amp; in uniting the country after elections &amp; close results. \xf0\x9f\x87\xb8\xf0\x9f\x87\xb0 &amp; \xf0\x9f\x87\xb5\xf0\x9f\x87\xb1 are good neighbours and Allies. We need to work towards strong, prosperous &amp; green EU, based on values of freedom, democracy and rule of law.'"
1281886289609076746,2020-07-11 09:41:22,557,71,False,b'Twitter for iPhone',"b'As we mark 25 years since #Srebrenica genocide, we honour the memory of victims &amp; offer our condolences to their families &amp; survivors. Remembering the past, we also focus on our joint future - based on reconciliation and European perspective.\n#NeverAgain #Srebrenica25'"
1281611939769126913,2020-07-10 15:31:12,196,21,False,b'Twitter for iPhone',"b'At the meeting with Slovakia\xe2\x80\x99s @Europarl_EN MEPs from across political spectrum, we agreed that preparation of our #NextGenEU #RecoveryPlan requires a whole-of-government effort. Time is of essence. #EUGreenDeal https://t.co/mrkX5PqEmM'"
1281585894533857280,2020-07-10 13:47:42,293,44,False,b'Twitter for iPhone',b'Mayors of V4 capitals are calling for #GreenRecovery. Citizens rightfully ask for sustainable future and cities play a vital role. Very pleased to see strong support for ambitious climate goals for 2030 and beyond. #EUGreenDeal #ClimateAction https://t.co/YzUvIUHPgP'
1280511654531391489,2020-07-07 14:39:03,339,25,False,b'Twitter for iPhone',"b'Good discussion w/ #Environment Minister Budaj. I welcome ambitious greening of #Slovakia\xe2\x80\x99s recovery plan. Strong climate action, biodiversity protection &amp; improved air quality are priorities; more transparency on environmental legacies &amp; immediate action is a must. #EUGreenDeal https://t.co/1vDi5hSDK4'"
1276986935463088128,2020-06-27 21:13:05,4169,316,False,b'Twitter for iPhone',"b'\xe2\x80\x9cI go with my head up... I love this country, I love the people. I leave honestly, with no hatred towards you\xe2\x80\x9d. Milada Hor\xc3\xa1kov\xc3\xa1 was executed 70 years ago in a show trial by then communist Czechoslovakia. We shall never forget. https://t.co/6op3ady0wT'"
1276903223178285058,2020-06-27 15:40:26,457,57,False,b'Twitter for iPhone',b'No one is safe until everyone is safe\n#GlobalGoalUnite https://t.co/QX9mMxW1Je'
1276889058992668673,2020-06-27 14:44:09,565,71,False,b'Twitter for iPhone',"b'Representing #Slovakia at today\xe2\x80\x99s global pledging summit #GlobalGoalUnite to end #coronavirus. We need globalization of compassion &amp; solidarity to provide tests, vaccines &amp; treatment for COVID-19: because no one is safe until everyone is safe. https://t.co/o46iK3uJyr'"
1276443897732964353,2020-06-26 09:15:15,518,65,False,b'Twitter for iPhone',"b'Today we celebrate 75 years of the @UN Charter - first truly global vision of peace, justice and dignity for every human being. We should do everything in our power to support the #UN to address the challenges we face. #ClimateAction #RuleOfLaw #GlobalGoals #StandUp4HumanRights https://t.co/vM7dfZVHXd'"
1275109571195961344,2020-06-22 16:53:06,387,33,False,b'Twitter for iPhone',"b'Glad to speak to UNSG @antonioguterres. Agreed that in post #COVID19 recovery we need to focus on climate change, rule of law &amp; vulnerable groups, especially victims of gender-based violence. #UN is vital in mobilising our global response. Unless everyone is safe, no one is safe. https://t.co/0tjZklIN7z'"
1274723803311099904,2020-06-21 15:20:12,143,1,False,b'Twitter for iPhone',"b'@ZelenskyyUa Dear Volodymyr, thank you.'"
1273591951334486016,2020-06-18 12:22:38,578,42,False,b'Twitter for iPhone',"b'Our best brains must come together to craft a vision and transform our society and economy. A plan that makes Slovakia leaner, greener and more modern, I stressed @ meeting with Deputy PM Remisova. We agreed digital transformation is indispensable for our future. #NextGenEU #MFF https://t.co/LVM2suySOT'"
1272872217165119489,2020-06-16 12:42:40,2101,231,False,b'Twitter Media Studio',"b'My first year in the Office. It has been a challenging one, as will be those to come. But I will continue to do everything in my power to make #Slovakia fairer, greener &amp; better country. I am once again offering my expertise, empathy and activism. https://t.co/kE36VNlX1S'"
1271020472432459776,2020-06-11 10:04:29,471,48,False,b'Twitter for iPhone',b'#Slovakia is heavily hit by strong economic downturn due to #COVID19. We are very exposed to international trade &amp; export-oriented economy needs a hand to walk through harder times. I have discussed next steps w/ economic experts. A robust #EU recovery plan is a real solution https://t.co/lrRkqIpX7m'
1268856332968484864,2020-06-05 10:44:58,115,9,False,b'Twitter for iPhone',"b'#AnnualAddress #NextGenerationEU offers #Slovakia a historic chance to leap ahead and become greener, leaner, and more modern. We must use this opportunity strategically and wisely. This is why our politicians have a historic responsibility.'"
1268856331689177088,2020-06-05 10:44:58,112,9,False,b'Twitter for iPhone',"b'#AnnualAddress We are only as strong as our ability to protect the most vulnerable: the elderly, those in need and those dependent on the help of others. Helping these people means helping the society as a whole.'"
1268856330539991041,2020-06-05 10:44:58,30,2,False,b'Twitter for iPhone',b'#AnnualAddress Justice must remain blind. You should only adopt laws you would want your opponents to adopt. And you should adopt them in a manner that you would also want your opponents to use.'
1268856328535113729,2020-06-05 10:44:57,23,4,False,b'Twitter for iPhone',"b'#AnnualAddress We should lift the restrictions once they are no longer necessary with the same speed with which we introduced them. Any restriction is a means to something, not an end in itself. The rights and freedoms of our citizens what is at stake.'"
1268856326555385856,2020-06-05 10:44:57,445,52,False,b'Twitter for iPhone',b'#AnnualAddress #COVID19 pandemics has cruelly exposed persistent problems that experts had long warned about. We see what happens if we neglect them. This must be a wake-up call for all of us. Let us use the opportunity to make solving these problems a priority now. https://t.co/KH6CKCNUB1'
1268784731895857152,2020-06-05 06:00:27,704,73,False,b'Kontentino',"b'Let us celebrate together #WorldEnvironmentDay2020! We stand united for better future, we care for our environment #sustainabilitty #ForNature #climateaction https://t.co/DNQIggGuiS'"
1267763134984589313,2020-06-02 10:20:59,1889,140,False,b'Twitter for iPhone',b'New co-workers in the Presidential Palace. #Bee engaged! #beesinthecity #biodiversity https://t.co/tGFpLoOiMC'
1267480770026799106,2020-06-01 15:38:58,834,69,False,b'Twitter for iPhone',"b""\xe2\x80\x9cAll grown-ups were once children-but only few of them remember it,\xe2\x80\x9d said de Saint-Exup\xc3\xa9ry. Let's keep our minds as curious &amp; open as those of our children. Wishing our young ones happy International Children's Day as today, they return to nurseries &amp; schools after 3 months. https://t.co/plsPYTqnER"""
1266354141523214336,2020-05-29 13:02:09,378,32,False,b'Twitter for iPhone',"b'#COVID19 must not overshadow other challenges. I visited Eastern #Slovakia to learn how drought impacts livelihoods of farmers, food prices &amp; food security. Preserving biodiversity and investing in green tech key to our success.\xc2\xa0\n#climatecrisis https://t.co/826CNPUysB'"
1265973132956971010,2020-05-28 11:48:10,295,33,False,b'Twitter for iPhone',"b'Proposed #EUBudget and #NextGenerationEU - true sign of solidarity and historic chance to make the #EU greener, more sustainable and responsible. One of the most important tasks for Slovakia and the EU in the years to come. #StrongerTogether.'"
1265959120542318600,2020-05-28 10:52:29,160,23,False,b'Twitter for iPhone',"b'No one should be left behind. As we mark 10th anniversary of European Diversity Charter, we must strive for more diverse and inclusive workplaces. Glad that my office is a signatory. https://t.co/95gJO67W6Y #EUDiversityMonth #UnitedInDiversity @EU_Justice'"
1265529565478297605,2020-05-27 06:25:35,488,54,False,b'Twitter for iPhone',"b'I discussed with experts, prosecutors, judges and politicians  reform of public prosecution service. Important to rebuild the trust of society in justice and rule of law. Transparency &amp; accountability of police, prosecution service and courts is key to make it happen. #ruleoflaw https://t.co/cDcv0qh6qy'"
1265260285419495427,2020-05-26 12:35:34,547,46,False,b'Twitter for iPhone',b'Pleasure talking to \xe2\x81\xa6@ZelenskyyUa\xe2\x81\xa9: #Slovakia and #Ukraine remain solid partners and friends. Glad we could help Ukraine in fighting the pandemic. I hope to host Mr President in Slovakia soon and to further develop our close relations. https://t.co/h7lAbcyyTd'
1263881632483852288,2020-05-22 17:17:17,362,39,False,b'Twitter for Android',b'We cannot afford to lose a day to protect #Biodiversity and #ecosystems. Decision to restore environment is our collective responsibility towards nature and people. Happy #BiodiversityDay! @UNBiodiversity @EU_Commission @EUgreendeal'
1263024825771098114,2020-05-20 08:32:38,954,115,False,b'Twitter for iPhone',"b'""If something isn\xe2\x80\x99t blatantly impossible, then there must be a way of doing it"", said Sir Nicholas Winton, a humble gentleman who saved the lives of almost 700 Czechoslovak children during the 2WW. He was born 111 years ago. The power of good is timeless.\nPhoto: TASR/AP https://t.co/netNoRjwxG'"
1262401913557057537,2020-05-18 15:17:25,824,96,False,b'Twitter Web App',"b'It has taken too long. But finally I could meet with people that have been here for those in need, tirelessly and bravely working countless hours to extend helping hand. My heartful thanks to all of you! Proud to see so much humanity and care for each other these difficult days. https://t.co/QXhtJsWr7I'"
1260598080992432129,2020-05-13 15:49:37,394,47,False,b'Twitter for iPhone',"b""The crisis has taught us we are only as strong as our most vulnerable citizens. I\xc2\xa0listened to annual report of Ombudsperson at Slovak Parliament today. Addressing people's concerns and injustice is key to strengthening their trust in justice, state and its functioning. https://t.co/2lqI1FTHse"""
1260581450149175298,2020-05-13 14:43:32,228,20,False,b'Twitter for iPhone',b'Glad to speak to President of #Georgia\xc2\xa0@Zourabichvili_S. I confirmed strong support of Slovakia to territorial integrity and sovereignty of Georgia &amp; commitment to strengthening our bilateral cooperation and #EU #NATO relations.'
1259098087039139840,2020-05-09 12:29:11,97,7,False,b'Twitter for iPhone',"b'We will keep the safeguarding of our security, of our citizens and infrastructure as the guiding principle in all decisions, including foreign investments and economic activities in #Slovakia.'"
1259098085638144000,2020-05-09 12:29:11,102,6,False,b'Twitter for iPhone',"b'We will actively prevent dissemination of disinformation and propaganda. We will support further strengthening of European security and defence, while keeping #NATO the main pillar of our security and collective defence.'"
1259098084296085505,2020-05-09 12:29:10,36,3,False,b'Twitter for iPhone',"b'The defence of freedom, democracy, rule of law and international norms, including protection of sovereignty and territorial integrity will be the guiding principles in pursuing our interests in bilateral and multilateral relations.'"
1259098082752503808,2020-05-09 12:29:10,40,4,False,b'Twitter for iPhone',b'It is our vital and strategic interest to further advance our #EU and #NATO memberships.'
1259098081410285569,2020-05-09 12:29:10,209,17,False,b'Twitter for iPhone',"b'To commemorate #EuropeDay, we agreed today a joint Declaration on\xc2\xa0Foreign, European and Security Policy with\xc2\xa0Speaker of Parliament and Prime Minister.'"
1259074181452480513,2020-05-09 10:54:11,793,94,False,b'Twitter for iPhone',"b'By celebrating #EuropeDay we celebrate decades of peace, freedom and justice on our continent. Lets make sure that by making concrete steps of solidarity and bold decisions we will build a stronger and more successful #EU. \xf0\x9f\x87\xb8\xf0\x9f\x87\xb0\xf0\x9f\x87\xaa\xf0\x9f\x87\xba'"
1258715885700812800,2020-05-08 11:10:27,1155,157,False,b'Twitter for iPhone',"b'Today, we express our utmost gratitude to all brave men and women who helped defeat nazism and paved the way for the world and Europe we know today. Their sacriface shall never be forgotten. https://t.co/WaC3HAO21p'"
1258369386156642304,2020-05-07 12:13:35,1899,146,False,b'Twitter Web App',b'Life has not yet fully returned to normal \xe2\x80\x94 but glad that the garden of the presidential palace has once again opened for public. #UnitedAgainstCoronavirus https://t.co/Y2xLCTbuv1'
1257310463211171847,2020-05-04 14:05:48,389,42,False,b'Twitter for iPhone',"b'Glad Slovakia has become part of such important effort and joined  #GlobalResponse to develop a #coronavirus vaccine by pledging 750,000 EUR to this end. #UnitedAgainstCoronavirus'"
1257224012159242243,2020-05-04 08:22:17,734,58,False,b'Twitter for iPhone',"b'My sincere congratulations to #Latvia \xf0\x9f\x87\xb1\xf0\x9f\x87\xbb on 30 years of independence and your successful journey as an independent democratic country. After years of occupation, our people know the price of freedom. \xf0\x9f\x87\xb8\xf0\x9f\x87\xb0 shares your joy as your close #EU #NATO partner and ally! @Rigas_pils'"
1256232349987209216,2020-05-01 14:41:46,1611,218,False,b'Twitter for iPhone',"b'Celebrating 16yrs since Slovakia joined #EU. Proud member of community of values of freedom, democracy and rule of law. EU membership has made us stronger and prosperous. The current crisis can only be overcome if we keep our unity and solidarity rock-solid. We will do our share. https://t.co/dr0YZB31Cc'"
1255523934813827072,2020-04-29 15:46:47,331,46,False,b'Twitter for iPhone',b'Today at press conference w/ foreign minister @IvanKorcok I stressed we leaders have important role to honestly explain to our people who are our friends and allies helping to survive and recover. #EU and its member states are such ones. We can only survive this crisis together. https://t.co/TOa9LiVOKr'
1255509099640471554,2020-04-29 14:47:50,341,41,False,b'Twitter for iPhone',b'Spoke with EC President @vonderleyen. We need to address #Covid_19 and to support our economies. To fund joint research of the vaccine and make it available to everyone on the planet. Agreed we need a robust intervention to be #strongerTogether. https://t.co/b2PbzN0Rhl'
1254132793061322757,2020-04-25 19:38:53,376,35,False,b'Twitter for Android',"b'Spo\xc5\xa1tovani gospod predsednik @BorutPahor, dragi Borut, prisr\xc4\x8dna hvala za iskrene besede podpore, solidarnosti in prijateljstva. Sloveniji in vsem njenim dr\xc5\xbeavljanom \xc5\xbeelim veliko mo\xc4\x8di v sedanji krizi. Veselim se \xc4\x8dim prej\xc5\xa1njega sre\xc4\x8danja z vami.\xf0\x9f\x87\xb8\xf0\x9f\x87\xb0\xf0\x9f\x87\xb8\xf0\x9f\x87\xae #solidarity #heartstogether https://t.co/UIA6HCPe0M'"
1253017503858593792,2020-04-22 17:47:07,999,158,False,b'Twitter Web App',"b'#EarthDay2020 We are in debt to this planet. We\xc2\xa0need to change ourselves: how we do business, how we handle natural resources. It\xe2\x80\x99s time to join forces to pay our dues. It\xe2\x80\x99s time to protect #biodiversity and #environment. https://t.co/SiMGX4OhNw'"
1250772390579224577,2020-04-16 13:05:50,756,101,False,b'Twitter for iPhone',b'Presidential Palace lit in the colours of #ilTricolore last night to show solidarity with our #EU partner and friend. Glad #Slovakia will provide medical support and PPE to #Italy in these hard times.\n#HeartsTogether #COVID19 https://t.co/H2tOhlBbtq'
1250485414902759429,2020-04-15 18:05:30,987,71,False,b'Twitter for iPhone',b'My heartfelt gratitude to @Pontifex Pope Francis for our phone conversation today. #Slovakia is thankful for Your ceaseless perseverance in bringing hope and encouragement in these difficult times.  \n#HeartsTogether #PrayTogether #PopeFrancis https://t.co/3tL23Vwsk7'
1249620866993999873,2020-04-13 08:50:06,867,64,False,b'Twitter for iPhone',"b""This year, Easter may be different as we can't be together as much as we would wish - but the substance remains the same: we celebrate love and life. #HappyEaster to everyone.\n#HeartsTogether"""
1247900535539130369,2020-04-08 14:54:07,294,26,False,b'Twitter for iPhone',b'Glad to appoint Mr. Ivan Kor\xc4\x8dok as the new \xf0\x9f\x87\xb8\xf0\x9f\x87\xb0Foreign Minister. I am confident that his experience and international reputation will be a guarantee of the unwavering pro-European and pro-Atlantic course of the Slovak Foreign Policy.'
1247896919470301187,2020-04-08 14:39:45,596,76,False,b'Twitter Web App',"b'#InternationalRomaDay\xc2\xa0reminds us that we should never leave\xc2\xa0anyone behind. The current #crisis has shown a\xc2\xa0lot of #solidarity, #respect and #care for each other. #HeartsTogether #EU4ROMA #RomaEquality #COVID19 https://t.co/a0R49D3AJs'"
1247555046029570048,2020-04-07 16:01:16,618,82,False,b'Twitter Web App',"b'Nowadays, we can\xe2\x80\x99t hug or touch, nor can we shake hands with our friends, relatives or parents. I personally miss also the contact with you. Right now, we can\xe2\x80\x99t be #together, but we are still #HeartsTogether.\n#SrdcomSpolu #SocialDistancing #President #Slovakia #COVID #COVID19 https://t.co/toN0TkqKBQ'"
1247520290977894401,2020-04-07 13:43:09,316,23,False,b'Twitter for Android',b'Best wishes for a speedy recovery to @BorisJohnson.'
1247082494337433600,2020-04-06 08:43:30,716,92,False,b'Twitter for Android',"b'Together, we are facing a great #challenge. To address the #CoronavirusPandemic, some of our freedoms might be temporarily restricted. But we shall not lose sight of our #democracy. It cannot become a collateral damage.\n#COVID19 #coronavirus'"
1243603386278252548,2020-03-27 18:18:46,871,48,False,b'Twitter for Android',b'Welcome to the 30th #NATO ally North Macedonia \xf0\x9f\x87\xb2\xf0\x9f\x87\xb0 #StrongerTogether'
1243567818685243395,2020-03-27 15:57:27,663,48,False,b'Twitter for Android',"b'My first meeting with the new defence minister: no change in our #NATO committments, armed forces prepared to help against #COVID19. Slovakia has a new strongly pro-European and pro-Atlantic government. https://t.co/FEgIqX1XQM'"
1241398837631160321,2020-03-21 16:18:41,1624,196,False,b'Twitter for Android',"b'I wish every success to PM Igor Matovic and his new government of #Slovakia. Entrusted with great responsibility to lead our country in these difficult times, in unity and with compassion. \n#PrimeMinister #president #government #Covid_19 https://t.co/KLEeAtulLz'"
1237492690280951808,2020-03-10 21:37:03,743,48,False,b'Twitter Web App',b'Honoured to speak today in Brno (\xf0\x9f\x87\xa8\xf0\x9f\x87\xbf) on the 100th anniversary of the first Czecho-Slovak constitution which laid the foundations of our constitutional judicial tradition. My thanks to Pavel Rychetsky and @usoud_official for the opportunity to celebrate this day together. https://t.co/sBi9SIAWfZ'
1235272292080459779,2020-03-04 18:33:59,211,25,False,b'Twitter for Android',b'Embracing climate transition as an opportunity: I welcome first ever #EUClimateLaw; closer to ambitious move of net zero emissions by 2050 and ahead of #COP26.'
1234193988426575872,2020-03-01 19:09:11,785,61,False,b'Twitter for Android',"b'In #2020elections, #Slovakia voted for change, for more justice and against corruption. My congratulations to Igor Matovic and his party on the victory.'"
1231530355955585024,2020-02-23 10:44:52,725,108,False,b'Twitter Web App',"b'Today, we mark the 75th anniversary of the Flying of the Flag over #IwoJima. One of the flag-raisers was sgt.Michael Strank, born in Jarabina, Slovakia. We shall never forget their sacrifice and remember all those fighting for our freedom today. #WeAreIwo #IwoJima75 #WWII75 https://t.co/psk2vF0zqD'"
1230870626837114881,2020-02-21 15:03:20,1240,176,False,b'Twitter for Android',"b'Two years since we lost Jan Kuciak and Martina Ku\xc5\xa1n\xc3\xadrov\xc3\xa1. Two awful murders that moved the whole society to ask for justice and resist those, who want to abuse it. We shall not forget. #allforjan https://t.co/SxjJeGGybY'"
1229774172894695424,2020-02-18 14:26:25,335,29,False,b'Twitter for Android',b'My full support to the European Public Prosecutor\xe2\x80\x99s Office to start its work soon. Glad to have discussed #theRuleOfLaw and the prospects for the #EPPO with the European Chief Prosecutor Laura K\xc3\xb6vesi. #EU #solidarity #justice https://t.co/PwZeUnKagh'
1229415313214754816,2020-02-17 14:40:26,343,52,False,b'Twitter for Android',b'Glad to have participated in #MSC2020: my full speech on why political leaders need to defend #theRuleofLaw here: https://t.co/ZFgiB4446p https://t.co/W13g2C1ikU'
1228966471998541824,2020-02-16 08:56:54,188,47,False,b'Twitter for Android',"b'We as political leaders have a responsibility to unite \xe2\x80\x94 and not divide our societies into north vs south, east vs west, city vs countryside, or elites vs the people. #MSC2020'"
1228966469976969217,2020-02-16 08:56:54,196,37,False,b'Twitter for Android',"b'Europe\xe2\x80\x99s strength lies in protection of freedom and democracy. When someone promises to bring order, let\xe2\x80\x99s check if they don\xe2\x80\x99t see democracy and pluralism as obstacles to their goals. #MSC2020'"
1228966468030783488,2020-02-16 08:56:53,61,11,False,b'Twitter for Android',b'The judiciary must stand on two pillars - independence and accountability. They must reinforce \xe2\x80\x94 not endanger \xe2\x80\x94 one other. #MSC2020 #Visegrad4'
1228966465828683778,2020-02-16 08:56:53,67,14,False,b'Twitter for Android',b'Justice implies a balance between rights and obligations. The debate on linking #EUbudget and respect for shared values is legitimate.\xc2\xa0#MSC2020'
1228966462150324229,2020-02-16 08:56:52,737,128,False,b'Twitter for Android',"b'We must protect our citizens, but also our values. If political leaders resign on defending #TheRuleOfLaw, a #EuropeThatProtects ceases to exist. #MSC2020 https://t.co/yHn8MJZ9Ad'"
1228911450036604928,2020-02-16 05:18:16,294,21,False,b'Twitter for Android',b'Glad to be joining the #MSC2020 debate today on how to build a #Europe that protects. I\xe2\x80\x99ll speak about political leaders\xe2\x80\x99 responsibility to defend and protect #theRuleOfLaw.'
1223181166251036674,2020-01-31 09:48:10,606,49,False,b'Twitter for Android',"b'We are losing a valuable #EU member today. But we are not parting with a friend, an ally and a close partner. Wishing the #UK all the best in the next chapter of our friendship. #Brexit #BrexitDay'"
1222866778071715848,2020-01-30 12:58:54,522,40,False,b'Twitter for Android',"b""My respect to all women and men in uniform and their civilian colleagues for their service to the Slovak people. Our armed forces and their capabilities are the embodiment of our #NATO committments, as I addresed the Annual commanders' conference today. https://t.co/cHsV7u1Odl"""
1221853138182901765,2020-01-27 17:51:03,1045,145,False,b'Twitter for Android',b'Fascism is still alive in our societies. We shall never allow it to return to power. #Auschwitz75 #NotOnMyWatch https://t.co/YffPJJw3nA'
1220716840751636483,2020-01-24 14:35:49,0,35,False,b'Twitter for Android',b'RT @PresidentRuvi: Delighted to welcome President @ZuzanaCaputova of #Slovakia who accepted my invitation to mark the 75th anniversary of t\xe2\x80\xa6'
1220716734270799873,2020-01-24 14:35:23,386,44,False,b'Twitter for Android',b'Glad to meet @PresidentRuvi. Friendship between Slovakia &amp; Israel remains historically close &amp; strong. Together we continue to stand against every form of extremism &amp; antisemitism &amp; keep the remembrance of Holocaust as a testimony for the sake of our future. #UnitedinMemory75 https://t.co/j8hOU5U4US'
1220395695787708416,2020-01-23 17:19:42,371,57,False,b'Twitter for Android',b'Words of hatred rarely end with just words. We shall never forget milions of lives of people lost by the most terrible crime in history. Honoured to be at #worldholocaustforum to commemorate 75\xc2\xa0yrs of liberation of Auschwitz-Birkenau. We shall never allow this to happen again. https://t.co/noZ6XhDH2T'
1217826095338283011,2020-01-16 15:09:01,262,15,False,b'Twitter for Android',"b'My visit to #NATO\xc2\xa0Explosive Ordnance Disposal\xc2\xa0Centre of Excellence, located in Tren\xc4\x8d\xc3\xadn, Slovakia. Glad to see Slovak and foreign professionals working shoulder to shoulder to strengthen our collective defence and Allied unity. https://t.co/BmfQmQhBTX'"
1217498546011766785,2020-01-15 17:27:28,110,17,False,b'Twitter Web App',"b'In climate agenda, I wish to see, despite last years\xc2\xb4 disappointment, the global agreement reached.  \nGlobally, our focus must be stopping climate change and fighting inequality. Solution to uncontrolled migration is not bigger fences, it is improving people\xe2\x80\x99s lives.'"
1217498544921292801,2020-01-15 17:27:27,104,7,False,b'Twitter Web App',"b'I wish peace to the Ukrainian nation. And for the international law, sovereignty and territorial integrity to be finally respected.'"
1217498516320346113,2020-01-15 17:27:20,40,3,False,b'Twitter Web App',b'We need to further strengthen our defence against anyone trying to test our security and not to be naive about possible misuse of new technologies or hybrid warfare.'
1217498515053666309,2020-01-15 17:27:20,45,3,False,b'Twitter Web App',"b'I hope to see European unity strengthened at home, and our influence and resolve abroad. We need serious changes in how we do the European foreign and security policy.'"
1217498512696496128,2020-01-15 17:27:20,348,30,False,b'Twitter Web App',"b'My New Year\xc2\xb4s address to diplomatic corps:\nI am sad to see conflict becoming a working method. We need to start reconstructing our security order. Rules are there to follow, not to ignore. https://t.co/lZzWA7lcvn'"
1214851168733671425,2020-01-08 10:07:44,542,30,False,b'Twitter for Android',b'Terrible news about the passenger plane crash over Tehran: my deepest condolences to families and loved ones of the victims.'
1214524962767331328,2020-01-07 12:31:30,294,12,False,b'Twitter for Android',"b'Congratulations to Zoran Milanovi\xc4\x87, President-elect of #Croatia. Looking forward to our future cooperation.'"
1206299973102518272,2019-12-15 19:48:20,207,20,False,b'Twitter for Android',b'Fully agree with @antonioguterres: there is no time to lose and no effort to spare. A deal is possible \xe2\x80\x94 if we stay focused on substance and act as the science tells us to. https://t.co/lwFFQPHLmc'
1205590683953893377,2019-12-13 20:49:52,780,91,False,b'Twitter for Android',b'United we stand to adress Climate crisis. Race we can win only together. EU Carbon neutrality 2050 shows the strength to make our continent an inspiration to follow. Glad Slovakia is the first V4 country to commit to 2050 goal. We hope to make the #EUGreenDeal a reality soon.'
1204477562925260800,2019-12-10 19:06:43,476,42,False,b'Twitter for Android',b'30yrs ago we could freely cross the border that had been closed for decades. Thank you President #vanderbellen for remembering our first journey to see the free world. https://t.co/WP7ZlNZDYI'
1204425137497526274,2019-12-10 15:38:24,2480,84,False,b'Twitter for Android',"b'S hlbok\xc3\xbdm z\xc3\xa1rmutkom som prijala spr\xc3\xa1vu o tragickej a nezmyselnej stre\xc4\xbebe \xc3\xbato\xc4\x8dn\xc3\xadka v nemocnici v Ostrave. V mene ob\xc4\x8danov Slovenskej republiky, aj v mene svojom, som vyjadrila \xc3\xbaprimn\xc3\xba s\xc3\xbastras\xc5\xa5 prezidentovi Zemanovi, rodin\xc3\xa1m a bl\xc3\xadzkym obet\xc3\xad a zranen\xc3\xbdm \xc5\xbeel\xc3\xa1m skor\xc3\xa9 uzdravenie.\xf0\x9f\x87\xb8\xf0\x9f\x87\xb0\xf0\x9f\x87\xa8\xf0\x9f\x87\xbf'"
1202725837759533057,2019-12-05 23:05:59,0,124,False,b'Twitter for Android',"b'RT @mashagessen: In which there is hope for the continent, and I talked to her. Zuzana Caputova, the President of Slovakia, Voices Her Coun\xe2\x80\xa6'"
1202297391141052421,2019-12-04 18:43:30,399,34,False,b'Twitter for Android',"b'#NATOat70. Our meeting in London proved our strength: to have frank discussions and stand united in facing threats and challenges to our security. For Slovakia, NATO remains the main pillar of our national, European and Transatlantic security https://t.co/piukNNGoH9'"
1200041393986658304,2019-11-28 13:18:58,558,85,False,b'Twitter for Android',"b'Each year, more than 400,000 Europeans die prematurely because of air pollution. Today, \xf0\x9f\x87\xb8\xf0\x9f\x87\xb0 is hosting #CleanAirEU forum: let\xe2\x80\x99s make concrete steps to improve air quality for all.'"
1199033011255357441,2019-11-25 18:32:01,655,76,False,b'Twitter for Android',"b'Today standing with women, girls &amp; human rights defenders to start #16days of activism to end violence against women. #orangetheworld #sayNoStopVAW'"
1199029933684727809,2019-11-25 18:19:47,170,7,False,b'Twitter for Android',"b'Congratulations to @KlausIohannis to the re-election as the President of Romania. Glad to see your strong commitment to the rule of law, democracy and European values that has inspired so many Romanians. I look forward to our further cooperation.'"
1195810283819880450,2019-11-16 21:06:03,1727,342,False,b'Twitter for Android',"b'30 years ago, desire for freedom and dignity brought young people in Slovakia to the streets. This non-violent protests in Bratislava and Prague triggered the #VelvetRevolution. Today, it is our  obligation to carry their message and be the guardians of freedom and democracy. https://t.co/J81HE9bYIW'"
1193182906237292544,2019-11-09 15:05:47,835,91,False,b'Twitter for Android',b'Fall of Berlin Wall together with the revolutionary changes in V4 is a fascinating story of desire for freedom and democracy. Glad to commemorate it together. Thank you President Steinmeier for  hosting us in Berlin today. #BerlinWall30 https://t.co/GIQpmbsRQu'
1192570044389167104,2019-11-07 22:30:30,438,56,False,b'Twitter for Android',"b'EU must aspire to become a true geopolitical power, but NATO is and should remain the backbone of our security on both banks of the Atlantic. #NATOLondon #NATOMeeting #WeAreNATO'"
1188114186351661056,2019-10-26 15:24:30,697,47,False,b'Twitter for Android',"b'Every child deserves safe environment to thrive #foreverychild #30CRC #UNICEF. When I was a child, I dreamed of planting and arranging flowers. Now, my message to the children of Slovakia is to be attentive towards each other as well as to the nature. https://t.co/0kWb0HImSQ'"
1187815990903607297,2019-10-25 19:39:35,209,30,False,b'Twitter for Android',b'We mark Council of Europe 70th anniversary. Mission of human rights democracy &amp; rule of law more relevant than ever. For Europe to be whole and free all @CoE states and PACE members shall share responsibility to not forget &amp; safeguard these values against those who undermine them'
1186687027338600449,2019-10-22 16:53:29,388,29,False,b'Twitter for Android',b'Honored to be present at the Enthronment Ceremony of the Emperor Naruhito today. May the new era of Reiwa bring prosperity and harmony to all people of Japan. \xf0\x9f\x87\xaf\xf0\x9f\x87\xb5\xf0\x9f\x87\xb8\xf0\x9f\x87\xb0'
1186115995737313280,2019-10-21 03:04:25,473,43,False,b'Twitter for Android',"b""We'll commemorate 100 years of diplomatic relations between Slovakia &amp; Japan next year. With PM @AbeShinzo we discused how to further improve them. Innovations, new technologies &amp; renewable sources of energy are important to address climate crisis &amp; help environmental protection. https://t.co/75RhclESDF"""
1185209897690058753,2019-10-18 15:03:54,649,69,False,b'Twitter for Android',"b'I am disappointed to see we reached no consensus on Northern Macedonia \xf0\x9f\x87\xb2\xf0\x9f\x87\xb0 and Albania \xf0\x9f\x87\xa6\xf0\x9f\x87\xb1. We need to encourage and support reforms, not dampen hopes.'"
1184835054691868673,2019-10-17 14:14:24,274,25,False,b'Twitter for Android',"b'Proud to represent Slovakia that is committed to Open Government &amp; Civil Society Participation. Today at #OrbisCivitates Conference attended by 240CSOs, I declared to be always protecting &amp; supporting free civil society. https://t.co/XMYx6LGlC9'"
1184196370883891201,2019-10-15 19:56:30,408,53,False,b'Twitter for Android',"b'The view on situation in #Slovakia and my story from the other bank of the Atlantic, written by @anneapplebaum. https://t.co/JCIdfeoZWt'"
1183741474300674048,2019-10-14 13:48:54,645,87,False,b'Twitter for Android',"b""My full support to #EU efforts &amp; today's conclusions on Syria. Turkey's offensive military actions in Syria should stop immediately. They only lead to more violence &amp; destabilization. Only political process can bring peace, security &amp; stability &amp; prevent humanitarian catastrophe."""
1179782420729602048,2019-10-03 15:37:03,442,42,False,b'Twitter for Android',"b'2nd day of V4 summit with colleagues from Slovenia &amp; Serbia. Confirmed our continued support to keep the EU door open. As our countries in the past, candidates need credible perspective. But their sustained commitment to rule of law and other criteria is absolutely essential. https://t.co/LEDbYSxepz'"
1179455794447880193,2019-10-02 17:59:09,498,39,False,b'Twitter for Android',"b'Open discussion w/ my Visegrad colleagues in L\xc3\xa1ny \xf0\x9f\x87\xa8\xf0\x9f\x87\xbf on V4 role in EU. We need constructive proposals &amp; see opportunities in new EU priorities - green economy, digitalisation, solidarity - to face challenges ahead - modernisation &amp; environmental sustainability of our economies. https://t.co/fGtlcUvKEg'"
1179331464678330368,2019-10-02 09:45:06,678,46,False,b'Twitter for Android',b'Full steam to join #V4 Presidents in Prague. #travellinggreen https://t.co/vdMZFlJHfi'
1176982484912877568,2019-09-25 22:11:06,378,29,False,b'Twitter for Android',b'We agreed on urgency to adressed the #ClimateCrisis together with @antonioguterres. Glad he appreciated concrete contribution &amp; ambitious plans of #Slovakia. @UN #UNGA https://t.co/WifodWTRKo'
1176979136063127552,2019-09-25 21:57:47,231,14,False,b'Twitter for Android',"b'Great to meet today UN Special Coordinator for Lebanon @UNJanKubis. We discussed situation in Middle East, #Peace &amp; #Security, #ClimateAction, #SDGs. Proud that Slovakia has such personality taking part in fulfilling the immense mission of the @UN. https://t.co/INN6O4bDUM'"
1176931358779813888,2019-09-25 18:47:56,245,14,False,b'Twitter for Android',b'Glad to discuss priorities of @UN_PGA &amp; present our ambitious plans to contribute to #ClimateAction. https://t.co/44LjiiWNcz'
1176653351016194048,2019-09-25 00:23:14,203,25,False,b'Twitter for Android',"b'All achievements by @UN have one in common - respect for rules. If one country strips territory of another, it is not to be mistaken for peacemaking. Suppressing human rights must not to be confused with fight against extremism. We need strong UN - guardian of our rules &amp; trust.'"
1176653347677491200,2019-09-25 00:23:13,449,47,False,b'Twitter for Android',"b'Speaking today at the #UNGA2019. Our future rests on our ability to restore broken trust. The best way to be patriotic lies not in national egoism, but in cooperation. And our climate action will be a major test. If we succeed, it can be a new start for our international system. https://t.co/qMcQdmoMoc'"
1176568918518980608,2019-09-24 18:47:44,294,23,False,b'Twitter for Android',"b'Very glad to meet my colleague President @KerstiKaljulaid at the #UNGA2019 to exchange views on our common priorities of climate, rule of law and support for Ukraine. https://t.co/tZ5MqXyS21'"
1176568266581561345,2019-09-24 18:45:08,263,23,False,b'Twitter for Android',"b'Meeting with President @niinisto, strong advocate for more climate ambition. Together with the Finnish EU Presidency @EU2019FI we share the vision to make Europe the first climate neutral continent. #UNGA #ClimateAction https://t.co/oJkdNoRZYQ'"
1176530000419401728,2019-09-24 16:13:05,178,22,False,b'Twitter for Android',"b'We must do everything in our power to eradicate sexual exploitation &amp; abuse, and to protect the victims. As a member of the Circle of Leaders I fully support the call by the UNSG @antonioguterres to make this goal reality. @UN #HonouringOurValues #UNGA https://t.co/a1w9Ej8T1Q'"
1176511139406131200,2019-09-24 14:58:08,320,24,False,b'Twitter for Android',"b'#UNGA2019. Looking forward to meet and listen to the leaders of other countries. The mission of the UN more important than ever - the values of human rights, peace and sustainable development remain in the centre of our global action. https://t.co/MvsJBxuqGi'"
1176168480535732227,2019-09-23 16:16:32,788,122,False,b'Twitter for Android',"b'We are living the best times in history, but we forgot to pay the bill. We are in debt to this planet. To address the climate crisis while living in this denial, will lead to our failure. protecting our environment means being human. #ClimateAction #UN #UNGA https://t.co/FiuRjFBQ4J'"
1176131846175899648,2019-09-23 13:50:58,2565,197,False,b'Twitter for Android',b'Sensless to drive few blocks when I can walk to speak at #ClimateAction summit. #UN #UNGA https://t.co/3tqgRLzI6r'
1175233712147050497,2019-09-21 02:22:06,397,44,False,b'Twitter for Android',b'We shall never forget and shall never let anyone steal the freedom and democracy from us again. Because we know the price of losing it. Our successes are a shared story of a genuine will and empathy on both banks of the Atlantic. https://t.co/W4103mLWnd'
1175233644832657408,2019-09-21 02:21:50,625,66,False,b'Twitter for Android',"b'Spoke at #Globsec Gala Dinner in #NYC. After #30yearsofdemocracy we know that it cannot be put on an autopilot. Without our engagement, without invisible, everyday work to defend our values, democracy erodes. https://t.co/WJCtvAv2dr'"
1174971037542309888,2019-09-20 08:58:19,632,67,False,b'Twitter for Android',b'Leaving for NY #ClimateAction summit &amp; #UNGA. Taking with me the message of our youth #ClimateStrike #FridaysForFuture https://t.co/nvgTq7tDQF'
1174785904474562561,2019-09-19 20:42:40,139,9,False,b'Twitter for Android',"b""Glad to support President @vanderbellen's Initiative for more #ClimateAmbition. #UN #ClimateAction https://t.co/nKysz8nByh"""
1173633935298969602,2019-09-16 16:25:09,641,71,False,b'Twitter for Android',"b'Ukraine and Slovakia are close partners &amp; friends. We discussed w/ @ZelenskyyUa how we can together expand our relations, w/ fighting corruption &amp; infrastructure as priorities. Slovakia will continue supporting Ukraine, its European path, territorial integrity &amp; sovereignty. https://t.co/JdRtnyw9UJ'"
1172844590484852737,2019-09-14 12:08:35,685,67,False,b'Twitter for Android',"b'Honoured to meet our successful Romani uni students of engineering, natural &amp; social sciences. Yet, efforts to ensure equal opportunities for each child must be reinforced to make such stories common. We need to keep #romainclusion and fighting #antigypsyism also at the EU level. https://t.co/cLs4hvZphj'"
1171404938733326336,2019-09-10 12:47:55,178,16,False,b'Twitter for Android',b'Congratulations to @MarosSefcovic: As Europe gets ready for the 21st century EU needs to be fit for purpose. Important to have an experienced hand to cultivate our EU institutions.'
1171401574637277187,2019-09-10 12:34:33,385,50,False,b'Twitter for Android',b'My full suport to President @vonderleyen: we need a #EuropeanGreenDeal and lead the way to become the first climate-neutral continent.'
1171083001951850496,2019-09-09 15:28:39,1055,152,False,b'Twitter for Android',b'Holocaust is not a tragedy of one nation but a tragedy of us all. History of \xf0\x9f\x87\xb8\xf0\x9f\x87\xb0 has also its dark moments we don\xe2\x80\x99t like to hear about. We must be vigilant when even today someone spreads hatred against minorities &amp; do not allow such tragedies happen again. #HolocaustMemorialDay https://t.co/B0ESMZcR07'
1170326850251501568,2019-09-07 13:23:59,560,44,False,b'Twitter for Android',b'I welcome today\xe2\x80\x99s prisoners exchange between #Ukraine and #Russia. Evidence that meaningful dialogue is possible and brings results. I hope this dynamics helps advance a peaceful solution to the conflict.'
1168225328562675712,2019-09-01 18:13:17,415,18,False,b'Twitter for Android',"b'Always good to meet and discuss with colleagues. I enjoyed friendly and honest discussions today in Warsaw with Presidents @BorutPahor, Kersti Kaljulaid, Salome Zourabichvili, Frank-Walter Steinmeier, Egils Levits &amp; Volodymyr Zelensky. https://t.co/0O3NDQ4D7e'"
1168180947713482753,2019-09-01 15:16:56,607,61,False,b'Twitter for Android',"b'The horrors of #WW2 remind us how important it is for Europe to stay together, united and strong, not to allow war and conflicts return to our continent. We must not retreat in the face of evil but to overcome it. https://t.co/j3x76zo01r'"
1168136183760719872,2019-09-01 12:19:03,1549,173,False,b'Twitter for Android',"b'I stand with the Polish people on the day of commemoration of the beggining of #WW2, started by aggression and occupation of #Poland 80 yrs ago. Honoured 2 be in Warsaw with President Duda today. We shall never forget. https://t.co/qGzArW7Yfa'"
1167435643422744576,2019-08-30 13:55:21,463,35,False,b'Twitter for Android',"b'#Bratislava and #Vienna closest capitals in Europe with excellent relations between us. 30 years of freedom, democracy &amp; rule of law good reason to avoid any offers from populists and nationalists in addressing challenges we face. Hope to discuss more w/ @vanderbellen in \xf0\x9f\x87\xb8\xf0\x9f\x87\xb0. https://t.co/Ce27QnFsa0'"
1167423280803962880,2019-08-30 13:06:14,604,40,False,b'Twitter for Android',"b""#Austria &amp; #Slovakia close partners in the region, sharing same values &amp; support for strong and united Europe.\xc2\xa0Glad to support President  @vanderbellen's initiative for more climate ambition. https://t.co/ZKzd8vyDus"""
1167343861125013504,2019-08-30 07:50:39,3718,245,False,b'Twitter for Android',b'Travelling green by train from Bratislava to Vienna to meet President @vanderbellen. Very much looking forward to our discussions. https://t.co/Dm120XBm3q'
1167102045763112960,2019-08-29 15:49:46,1089,111,False,b'Twitter for Android',"b'I thank all those who 75 years ago found the strength, dedication and courage to defend and fight for humanity, for our country and freedom of its citizens. I will never forget the heroes of 1944 Slovak National Uprising. https://t.co/twSxKQ4LWH'"
1164472760673939456,2019-08-22 09:41:55,957,105,False,b'Twitter for Android',"b'I discussed #Brexit with Angela Merkel. We agreed we need to listen to each other, to preserve our EU unity but also to refrain from escalating negative emotions in our dialogue with the UK. Future of Europe lies in unity and cooperation, not in in building new walls and borders. https://t.co/usycVAZIjA'"
1164227900696084481,2019-08-21 17:28:56,2596,247,False,b'Twitter for iPhone',"b'On the day when Warsaw pact troops invaded Czechoslovakia and by the memorial of victims of Berlin wall, I honored those who died because of their desire to live in dignity, freedom &amp; democracy. Their legacy reminds us never to take these values for granted and to protect them. https://t.co/15YrtzI33R'"
1164124712663945216,2019-08-21 10:38:54,1145,128,False,b'Twitter for iPhone',"b'Slovakia and Germany know the price of divided Europe. We agreed with President Steinmeier that 30 years after the fall of Berlin wall and Velvet revolution, it is our duty to work together on overcoming divisions in the EU &amp; to keep it strong and united. https://t.co/ylnsFx8CpT'"
1160269845591666688,2019-08-10 19:21:02,1433,138,False,b'Twitter for iPhone',"b'Honoured to receive the European Prize for Political Culture on behalf of all, who believe in decency &amp; democratic principles to replace hatred, populism and extremism and renew trust, understanding &amp; solidarity. https://t.co/yrLpsvC1F6'"
1154423802253717511,2019-07-25 16:10:57,1129,61,False,b'Twitter for iPhone',"b'Dnes som si vo franc\xc3\xbazskom meste\xc4\x8dku Meudon uctila pamiatku M.R. \xc5\xa0tef\xc3\xa1nika \xe2\x80\x93 vedca, gener\xc3\xa1la, zakladate\xc4\xbea \xc4\x8ceskoslovenska, no najm\xc3\xa4 \xc4\x8dloveka, ktor\xc3\xbd n\xc3\xa1m uk\xc3\xa1zal, \xc5\xbee je mo\xc5\xben\xc3\xa9 by\xc5\xa5 oddan\xc3\xbdm vlastencom a z\xc3\xa1rove\xc5\x88 presved\xc4\x8den\xc3\xbdm Eur\xc3\xb3panom. https://t.co/6rZq536NzH'"
1154085513026056193,2019-07-24 17:46:42,643,59,False,b'Twitter for iPhone',"b'Tolerance and compassion shall always prevail over hate, violence and fear.\xc2\xa0Laying flowers at memorial place of Bataclan tragedy to pay respect to those who lost their lives due to extreme hatred against humanity. https://t.co/r1fzVmSriE'"
1154066507191787520,2019-07-24 16:31:11,1119,120,False,b'Twitter for iPhone',"b'Trust through understanding and cooperation, in respect of rule of law &amp; EU values - the best way to overcome east-west divisions. Many priorities we can work together on - social justice to complement EU freedoms &amp; green transition to make the EU global leader. @EmmanuelMacron https://t.co/R24YZUFxx0'"
1151246685777145856,2019-07-16 21:46:13,671,38,False,b'Twitter for iPhone',"b'Congratulations to Ursula @vonderleyen, new President-elect of @EU_Commission. I wish you a lot of strength and success in keeping EU united, committed to its democratic values and ready to tackle climate change! Good luck Madam President!'"
1150757837192204288,2019-07-15 13:23:43,504,39,False,b'Twitter for Android',"b'With @AndrzejDuda we discussed many topics incl. regional cooperation, environmental protection, judiciary reforms, our relations with Russia &amp; need to support Ukraine. We agreed it is important to build on what we share and to communicate openly where our opinions differ. https://t.co/M8jy25IoeN'"
1150670666506616833,2019-07-15 07:37:19,812,83,False,b'Twitter for Android',b'Today\xe2\x80\x99s trip to Poland completes series of my visits in V4 countries. Slovakia and Poland share important economic ties but also common history of fighting for freedom &amp; democracy. This is what I would like to talk about with President  @AndrzejDuda and PM @MorawieckiM'
1149336120687321090,2019-07-11 15:14:19,540,64,False,b'Twitter for iPhone',"b'Personally honoured to pay tribute to the first democratically elected President of Hungary Mr. Arp\xc3\xa1d G\xc3\xb6ncz.\xc2\xa0Let his words about \xe2\x80\x9cfreedom of thought, freedom of faith, and social justice with human rights\xe2\x80\x9d speak to us today. They must never stop. https://t.co/Fjt2lLDXQq'"
1149325808349188097,2019-07-11 14:33:20,326,27,False,b'Twitter for iPhone',"b'Meeting PM Viktor Orb\xc3\xa1n. Appreciate good cooperation of our governments. Our countries closely connected through our Slovak and Hungarian minorities. Values of liberal democracy, plurality &amp; solidarity - essential the best guarantee for well-being of both minority and majority. https://t.co/TpNIDq1oeH'"
1149260009341145088,2019-07-11 10:11:53,435,44,False,b'Twitter for iPhone',"b""Have been received by President J\xc3\xa1nos \xc3\x81der with very warm welcome. Discussed our neighborly relations &amp; common priority #climatecrisis. My position is clear: as V4 we need to revive its original purpose (EU unity) \ndefend values of freedom and democracy and improve it's image. https://t.co/8bNr6fSt76"""
1149191823220498432,2019-07-11 05:40:56,560,24,False,b'Twitter for Android',"b'On my way to Budapest for my next visit abroad. Good neighbourly relations is my priority. Meeting President J\xc3\xa1nos \xc3\x81der and PM Viktor Orb\xc3\xa1n. Later representatives of Slovak minority and honouring former President \xc3\x81rp\xc3\xa1d G\xc3\xb6ncz. \xc3\x96rvendek, Magyarorsz\xc3\xa1g!'"
1144163677404352513,2019-06-27 08:40:52,710,61,False,b'Twitter for iPhone',b'I confirmed today w/ PM @PellegriniP_ &amp; Speaker of the Parliament A. Danko in our joint declaration that there must not be any doubt about pro-European and pro-Atlantic orientation of Slovakia. I expect we will respect this commitment and live up to it. https://t.co/rFqE8GcPGh'
1143586546035109889,2019-06-25 18:27:34,529,28,False,b'Twitter for iPhone',"b'V\xc3\xbdborn\xc3\xa1 diskusia s na\xc5\xa1imi krajanmi dnes ve\xc4\x8der v Bruseli. \xc4\x8eakujem, \xc5\xbee rob\xc3\xadte Slovensku dobr\xc3\xa9 meno. Ver\xc3\xadm, \xc5\xbee aj s va\xc5\xa1ou pomocou dok\xc3\xa1\xc5\xbeeme zmeni\xc5\xa5 na\xc5\xa1u krajinu. https://t.co/6GI7e8K2W3'"
1143548826961293313,2019-06-25 15:57:41,528,64,False,b'Twitter for iPhone',b'Appreciate warm and friendly meeting with EC President @JunckerEU today in Brussels. Slovakia remembers your long term effort in overcoming dividing lines in Europe. Our future is in strong and united EU. We need to cooperate more across regional and historical divisions. https://t.co/mJYBAPTYOO'
1143494949167673344,2019-06-25 12:23:35,607,77,False,b'Twitter for iPhone',"b'I had a very productive meeting with NATO SG @jensstoltenberg. We discussed Slovakia\xe2\x80\x99s commitments to reach 2% in 2022, to continue with our contribution to enhanced Forward Presence and to support Ukraine. I was glad to hear that Slovakia is a reliable &amp; responsible ally. https://t.co/Q7zH9ZjCfT'"
1143436870371745792,2019-06-25 08:32:48,1398,75,False,b'Twitter for iPhone',"b'After Prague, my second trip goes to Brussels. Because our prosperity and security are firmly bound to EU &amp; NATO. Looking forward to meet King Philippe of Belgium, NATO Secretary General @jensstoltenberg and President of European Commission @JunckerEU. https://t.co/lQuPnmSiN0'"
1142396869886251014,2019-06-22 11:40:13,1095,53,False,b'Twitter for iPhone',"b'Nikdy nesmieme zabudn\xc3\xba\xc5\xa5 na obete fa\xc5\xa1izmu a hrdinstvo \xc4\xbeud\xc3\xad, ktor\xc3\xad bojovali za na\xc5\xa1u slobodu. #StretnutieGener\xc3\xa1ci\xc3\xad #Kali\xc5\xa1te https://t.co/t1HmtIo66U'"
1141751559119933440,2019-06-20 16:55:59,4425,466,False,b'Twitter Web App',"b'This year, Slovaks and Czechs are remembering 30th anniversary of Velvet revolution. I was humbled to lay wreath on Vaclav Havel\xe2\x80\x99s grave. His relentless fight for freedom &amp; democracy has always been an inspiration to me. https://t.co/X6dCKkaaP8'"
1141601029575847936,2019-06-20 06:57:50,1584,73,False,b'Twitter Web App',"b'My first official visit goes to Czech republic. Tradition? More of a natural choice. Looking forward to meet President @MZemanOficialni, President of the Senate @JardaKuberaODS and President of the Chamber of Deputies @vondraczech. https://t.co/V7Kbj7V6Aj'"
1139931155585798144,2019-06-15 16:22:21,4511,582,False,b'Twitter for Android',"b""I didn't come to govern but to serve. I am offering my wisdom, heart and hands. \xf0\x9f\x87\xb8\xf0\x9f\x87\xb0 https://t.co/1lSga4eNAp"""
1125724316262457345,2019-05-07 11:29:26,1324,108,False,b'Twitter Web Client',"b'Thank you very much! I am humbled and honoured by this award. It serves as an encouragement for my future work. \xf0\x9f\x87\xaa\xf0\x9f\x87\xba\xf0\x9f\x87\xb8\xf0\x9f\x87\xb0 @euronews, #ELA19 https://t.co/P7214JDklW'"
1120266111914737665,2019-04-22 10:00:29,748,70,False,b'Twitter Web Client',b'I would like to extend my congratulations to Volodymyr #Zelenskiy on his election victory. I look forward to our discussions and mutual cooperation. You can count on Slovakia\xe2\x80\x99s support for the European future of Ukraine.  @zeteam_official \xf0\x9f\x87\xba\xf0\x9f\x87\xa6\xf0\x9f\x87\xb8\xf0\x9f\x87\xb0\xf0\x9f\x87\xaa\xf0\x9f\x87\xba'
1117910318372532226,2019-04-15 21:59:24,0,8165,False,b'Twitter for Android',b'RT @EmmanuelMacron: Notre-Dame is aflame. Great emotion for the whole nation. Our thoughts go out to all Catholics and to the French people\xe2\x80\xa6'
1117902022231986177,2019-04-15 21:26:26,953,63,False,b'Twitter for Android',b'I am heartbroken by the sight of Notre-Dame Cathedral burning. Slovakia stands with Paris and France tonight. \xf0\x9f\x87\xab\xf0\x9f\x87\xb7 \xf0\x9f\x87\xb8\xf0\x9f\x87\xb0 \xf0\x9f\x87\xaa\xf0\x9f\x87\xba'
1117876939341975552,2019-04-15 19:46:46,1622,146,False,b'Twitter for Android',b'Mon c\xc5\x93ur se brise \xc3\xa0 la vue de la cath\xc3\xa9drale Notre dame en feu. La Slovaquie marche aux c\xc3\xb4t\xc3\xa9s de Paris et de la France ce soir. \xf0\x9f\x87\xab\xf0\x9f\x87\xb7 \xf0\x9f\x87\xb8\xf0\x9f\x87\xb0 \xf0\x9f\x87\xaa\xf0\x9f\x87\xba'
1112800082561327104,2019-04-01 19:33:09,5876,724,False,b'Twitter Web Client',"b'I wish to thank everyone for their support and good wishes! I now look forward to serving my country \xf0\x9f\x87\xb8\xf0\x9f\x87\xb0 - reinforce trust in justice \xe2\x9a\x96\xef\xb8\x8f and the #RuleofLaw, protect #liberal #democratic values, &amp; work towards a successful Slovakia in a strong, united and #green Europe. \xf0\x9f\x87\xb8\xf0\x9f\x87\xb0\xf0\x9f\x87\xaa\xf0\x9f\x87\xba'"
1112126270828093441,2019-03-30 22:55:39,8993,745,False,b'Twitter for iPhone',b'THANK YOU!'
